,iEcHS_1320,iECSE_1348,iECBD_1354,iEKO11_1354,iEcSMS35_1347,iZ_1308,iECs_1301,iECSP_1301,iUTI89_1310,iECH74115_1262,iECDH10B_1368,iWFL_1372,iECO103_1326,iECP_1309,iECD_1391,iECO111_1330,iG2583_1286,iECED1_1282,iBWG_1329,iECW_1372,iJO1366,iLF82_1304,iEC042_1314,iECS88_1305,iECUMN_1333,iEcE24377_1341,iECB_1328,iETEC_1333,iECOK1_1307,ic_1306,iAPECO1_1312,iECDH1ME8569_1439,iECNA114_1301,iB21_1397,iE2348C_1286,iUMN146_1321,iY75_1357,iEcolC_1368,iUMNK88_1353,iECABU_c1320,iNRG857_1313,iEcDH1_1363,iECIAI39_1322,iECO26_1355,iECSF_1327,iEC55989_1330
12ppd__S_e,0.5362761180631983,0.5362761180632042,0.5362761180631982,0.5362761180631846,0.5362761180631965,0.5362761180632001,0.5362761180631989,0.5362761180631964,0.5362761180632001,0.5362761612559551,0.565875794029172,0.536276118063198,0.5362761180631999,0.5362761180596378,0.5362761180632002,0.5362761180631959,0.5362761180631987,0.5362676827220901,0.5362761180631945,0.536276118063196,0.5362211355078211,0.5362761180631992,0.5362761180631969,0.5362761180631977,0.536397023301266,0.5362761180632002,0.5362761180631965,0.5362761180631961,0.5362761180631965,0.5805943476911526,0.5362761180631951,0.5362761180631951,0.5362761180631974,0.5362761180631904,0.5362761180631967,0.5362761180632002,0.5362761180631961,0.5362761180631986,0.5362761180631983,0.536276118063198,0.5362761180631985,0.5362761180631971,,0.5362761180631982,0.5362761180631878,0.5362761180631984
14glucan_e,6.043165350929599,6.043165350941811,5.997901329554118,6.043165350941744,6.04316535094183,6.043165350941827,6.043165350941866,6.043165350941822,6.043165350941839,6.043165350941808,2.2196030905753434,6.043165350941798,,6.043165350929257,5.997901329544546,,6.04316535094447,6.043073115826456,6.043165350941817,6.04316535094177,6.042509501250953,6.043165350941775,6.0431653509431085,6.04316535094183,6.044479032400429,6.043165350941808,6.043165350941812,6.043165350946129,6.043165350941788,6.1423147369321445,6.043165350941806,6.043165350941809,6.043165350941865,5.997901329544543,6.043165350941823,6.043165350941835,6.0431653509422985,6.0431653509418215,6.043165350941849,6.043165350936628,6.043165350941838,6.043165350941834,6.045395222749297,6.04316535094181,6.043165350941824,6.043165350938861
3hcinnm_e,1.1484894350653803,1.1484894350653911,1.1484894350653874,1.1484894350654216,1.1484894350653763,1.148489435065387,1.1484894350653785,1.1484894350653911,,1.1484894350653936,,1.1484894350653914,1.1484894350653918,,1.1484894350653867,1.148489435065389,1.1484894350653763,1.148473669368211,,1.1484894350653905,1.1483691280380302,,1.1484894350653856,,1.1487382695539383,1.148489435065387,1.1484894350653885,1.1484894350653845,,0.02568509909105313,,1.1484894350653925,1.148489435065393,1.1484894350655754,,,1.1484894350653851,1.1484894350653878,1.1484894350653874,,,1.148489435065383,1.1489287841720102,1.1484894350653847,1.148489435065379,1.1484894350653958
3hpppn_e,1.1885274143251174,1.1885274143251217,1.1885274143251454,1.1885274143251103,1.188527414325122,1.188527414325114,1.1885274143251223,1.1885274143251232,,1.1885274143263516,,1.1885274143251503,1.1885274143251183,,1.188527414325131,1.188527414325119,1.1885274143251234,1.1885110990132768,,1.1885274143248972,1.1884029132232659,,1.1885274143251143,,1.188784923538721,1.1885274143251285,1.1885274143251165,1.1885274143251332,,0.02568509909105313,,1.1885274143251368,1.1885274143251146,1.1885274143251197,,,1.1885274143251174,1.188527414325125,1.1885274143251168,,,1.18852741432513,1.1889820797680424,1.18852741432512,1.188527414325124,1.1885274143251137
5dglcn_e,0.8165542776077832,,0.8108942611968979,0.816554277607783,0.8165542776077825,,,,0.8165542776077842,,0.8622649543922916,0.8165542776077755,,0.81655427760777,0.8108942611969013,,,,0.8165542776078986,0.816554277607518,0.8164656590048831,0.8165542776077794,,,0.8167317826324026,,0.8165542776077815,,0.8165542776077824,0.8643684290694208,0.8165542776077789,0.8165542776077811,,0.8108942611968994,,0.8165542776077825,0.8165542776077828,,,0.8165542776077834,0.816554277607781,0.8165542776077832,0.8168555785415101,,0.8165542776077805,0.8165542776077799
LalaDgluMdap_e,1.1912629657923322,1.1912629657923322,1.1912629657923282,1.1912629657923255,1.1912629657923255,1.1912629657923341,1.191262965792333,1.1912629657923313,1.1912629657923128,1.191262965792331,1.2606428654730446,1.1912629657923368,1.19126296579233,1.1912629657923393,1.191262965792329,1.191262965791469,1.1912629657923306,1.1912463558634176,,1.1912629657923375,1.1911225156780088,1.191262965790445,1.191262965792328,1.1912629657923335,1.19152288798925,1.1912629657923313,1.1912629657923293,1.1912629657923317,1.1912629657923328,1.2461140369567187,1.191262965792335,1.191262965792342,1.1912629657923297,1.191262965792332,1.1912629657923348,1.1912629657911284,1.1912629657923044,1.1912629657923324,1.191262965792089,1.191262965792332,1.1912629657923273,1.1912629657923266,1.1917313768501845,1.1912629657930518,1.1912629657923317,1.1912629657923346
acac_e,0.5473678610704068,,0.547367861069269,,0.5473678610692675,,,,0.5473678610692688,,0.5781549550687697,,,0.5473678610692692,0.5473678610693044,,,0.5473593829428308,0.5473678610692735,,0.5473100770924018,0.5473678610692668,0.547367861069269,0.5473678610692696,0.5474917859515002,0.547367861069261,0.5473678610692617,0.5473678610689376,0.5473678610689544,0.5932641529170397,0.547367861069276,0.5473678610692673,0.547367861069274,0.5473678610692689,0.5473678610692692,0.5473678610692717,0.5473678610692704,0.5473678610692653,0.5473678610692293,0.5473678610692696,0.5473678610692703,0.5473678610692675,0.5475817065806612,,0.5473678610692693,
acgal_e,0.9735193577521208,0.9735193577506408,0.9722005070345577,0.9735193577517038,0.9735193577506468,0.9735193577506375,0.9735193577506427,0.9735193577504315,0.9735193577509534,,,0.9735193577506441,0.9735193577506464,0.9735193577506397,0.9722005070345591,0.9735193577506455,,0.973504879206787,,0.9735193577506417,,0.973519357750826,0.9735193577506419,0.9735193577506421,0.973730951404691,0.9735193577506406,0.9735193577506311,0.9735193577506395,0.9735193577506428,1.0228440391487055,0.9735193577506465,,0.9735193577506431,0.9722005070345623,0.9735193577506385,0.9735193577506439,,0.9735193577506454,0.9735193577448937,0.9735193577506455,0.9735193577506457,,0.9738818565307519,0.9735193577506341,0.9735193577506466,0.9735193577507135
acgal1p_e,0.97351935775064,0.9735193577506395,0.9722005070345512,0.9735193577506446,0.9735193577506326,0.9735193577506431,0.973519357750639,0.9735193577506382,0.9735193577506394,,,0.9735193577507443,0.9735193577506503,0.9735193577506425,0.9722005070345591,0.973519357750643,,0.9735048792069879,,0.9735193577506434,,0.9735193577506462,0.9735193577506445,0.9735193577506417,0.9737309514046911,0.9735193577506376,0.9735193577506353,0.9735193577506454,0.9735193577506456,1.0228440391487035,0.9735193577506406,,0.9735193577506428,0.9722005070345594,0.9735193577506386,0.9735193577506438,,0.9735193577506459,0.9735193577506388,0.9735193577506364,0.973519357751085,,0.9738818565307549,0.9735193577506523,0.9735193577506381,0.9735193577506372
akg_e,,0.6179862098739458,0.6179862098739519,0.6179862098739536,0.6179862098739926,0.6179862098739533,0.6179862098739546,0.6179862098739491,0.6179862098739457,0.6179862098739531,0.6528688284460485,0.61798620987395,0.6179862098739485,0.6179862098739504,0.6179862098739515,0.6179862098739536,0.6179862098740472,0.6179777265713213,0.6179862098739499,0.6179862098739479,0.6179214743338669,0.6179862098739495,0.6179862098739473,0.6179862098739498,0.6181201042553567,0.6179862098739504,0.6179862098739849,0.6179862098739475,0.6179862098739263,0.663859902486623,0.6179862098739489,0.617986209873949,0.6179862098739466,0.6179862098739529,0.617986209873949,0.6179862098745429,0.6179862098739513,0.6179862098739508,0.6179862098739489,0.6179862098739374,0.6179862098739496,0.6179862098739503,0.6182226175249377,0.6179862098739508,0.6179862098739495,0.6179862098739527
all__D_e,,0.9409973984014445,0.9352748584288333,0.940997398401445,0.9409973984014512,,,,0.9409973984014324,,0.9936743962605629,,0.9409973984020649,0.9409973984014496,0.9352748584288321,,,0.9409830362255811,0.9409973984027736,,0.940895274296462,0.9409973984014544,,,,,0.9409973984014444,0.9409973983971467,0.94099739840145,0.9900338173515161,0.9409973984014567,0.9409973984014519,0.9409973984014485,0.9352748584288322,0.9409973984014538,0.9409973984014537,0.9409973984014494,0.9409973984014539,0.9409973984014489,0.940997398401453,0.9409973984014475,0.9409973984014458,0.9413446176893149,,0.9409973984014472,
alltn_e,0.17457504196422283,0.1745750419642236,0.1745750419642223,0.17457504196422302,0.1745750419642236,0.17457504196422194,0.1745750419642233,0.1745750419642239,0.17457504196422297,,0.18427658579295308,0.17457504196422235,0.17457504196422358,0.17457504196422383,0.1745750419642231,0.17457504196422366,0.1745750419642231,0.17457272786051464,0.17457504196423254,0.17457504196422316,0.17455598916529286,0.17457504196422363,0.1745750419642231,0.17457504196422355,0.17461196049559383,0.17457504196422263,0.1745750419642235,0.1745750419642227,0.1745750419642235,0.21637144092128816,0.1745750419642227,0.17457504196422322,0.17457504196422383,0.17457504196422363,0.07467751517204878,0.1745750419642204,0.17457504196422333,0.1745750419642251,0.17457504196422224,0.1745750419642236,0.17457504196422308,0.1745750419642228,,0.17457504196422294,0.1745750419642227,0.17457504196422297
arab__L_e,0.8061840175422843,0.8061840175416422,0.8008093479078253,0.8061840175416485,0.8061840175416429,0.8061840175416441,0.8061840175439965,0.8061840175416428,0.8061840175412084,0.8061840175416465,,0.8061840175410202,0.8061840175416436,0.8061840175416408,0.8008093479078298,0.8061840175410586,0.8061840175416434,0.8061717129840881,0.8061840175416419,0.8061840175418196,0.8060965243972519,0.8061840175416415,0.8061840175412304,0.8061840175416441,0.806359268247944,0.8061840175416425,0.8061840175416468,0.8061840175416406,0.8061840175416416,0.8538963133792183,0.8061840175416429,0.8061840175416503,0.8061840175416337,0.8008093479078288,0.8061840175416444,0.8061840175416434,0.8061840175416413,0.8061840175416382,0.8061840175416415,0.806184017541644,0.8061840175416426,0.8061840175416384,0.8064814919458625,0.8061840175416437,0.806184017541645,0.8061840175416437
ascb__L_e,0.8153850840289281,0.8153850840289267,0.8108942611968952,0.8153850840289316,0.8153850840289355,0.8153850840289302,0.8153850840289324,0.8153850840289317,0.8153850840289284,0.8153850840289303,0.8607380648316664,,0.8153850840289275,0.8153850840289328,0.8108942611966603,0.815385084028934,0.8153850840289742,0.8153721560088623,0.8153850840291165,,0.8152980997386688,0.8153850840289315,,0.8153850840289344,0.8155654707647714,,0.815385084028933,0.8153850840289252,0.8153850840289342,0.8629257039875246,0.8153850840289296,0.8153850840284503,0.8153850840289287,0.8108942611969062,0.8153850840289286,0.8153850840289333,0.8153850840289315,0.8153850840289272,0.815385084029277,0.8153850840289286,0.8153850840286792,0.8153850840289315,0.8156892192360847,0.8153850840289336,0.8153850840289268,0.8153850840289313
but_e,0.5640188455813613,,0.5640188455813684,,0.5640188455813656,,,,0.5640188455814338,,0.5967635484988859,,,0.6824251408537215,0.5640188455813675,,,0.5640098438027633,0.564018845581377,,0.5639574927406558,0.5640188455813773,0.564018845581368,0.6824251408537245,0.5641504256620833,,0.5640188455813806,0.5640188455813706,0.6824251408537229,0.6115123721221964,0.6824251408537203,0.5640188455813702,0.5640188455814886,0.5640188455813587,0.5640188455813709,0.6824251408537152,0.5640188455813696,0.5640188455813683,0.5640188455813759,0.5640188455813707,0.5640188455813702,0.564018845581368,0.6826917505025696,,0.5640188455813583,
butso3_e,0.26892080893668163,,0.26892080893668524,,0.2689208089366828,,,,0.26892080893668663,,0.2847269581499657,,,0.39748387813829994,0.2689208089366832,,,0.26891646665730806,0.2689208352462999,,0.2688912135759252,0.2689208089366587,0.2689208089366829,0.39748387813829733,0.2689842807420591,,0.2689208089367435,0.2689207850976664,0.3974838781382985,0.3136503866119348,0.3974838781382994,0.2689208089366791,0.2689208089366822,0.2689208089366824,0.268920808936683,0.39748387813829494,0.268920808936684,0.2689208089366801,0.2689208089366886,0.26892080893668496,0.2689208089366828,0.268920808936688,0.39763686499847084,,0.2689208089366829,
chol_e,0.09431826045188094,0.09431826045188069,0.09431826045188063,0.09431826045188016,0.0943182604518801,0.09431826045188081,0.09431826045188114,0.09431826045188088,0.09431826045188081,0.09431826045188049,0.10033530204789605,0.0943182604518809,0.09431826045188123,0.09431826045188088,0.09431826045188034,0.09431826045188087,0.09431826045188084,,,0.09431826045188164,,0.09431823855290249,0.09431826045188024,0.09431826045188027,0.09434156916352202,0.09431826045188058,0.0943182604518802,0.09431826045188024,0.09431826045188045,0.14083898222203667,0.09431826045188049,0.09431826045188077,0.09431826045188041,0.09431826045188063,0.09431826045188042,0.09431826045188055,0.09431826045188069,0.09431826045188065,0.09431826045188045,0.09431826045188028,0.09431826045187998,0.09431826045188113,0.0943555233942173,0.09431826045188058,0.09431826045188078,0.09431826045188019
csn_e,,,,,,,,,,,,,,,,,,0.23886540541669823,,,,,,,,,,,,0.036688497486802384,,,,,,,,,,,,,,,,
cys__D_e,0.3338983480504035,0.33389834805039065,0.3338983480503883,0.33389834805038743,0.3338983480503884,0.3338983480503845,0.33389834805038854,0.33389834805038954,0.33389832758417237,0.33389834805038654,0.35199415907657067,0.33389834805038776,0.3338983480503865,,0.333898348050389,0.33389834805038926,0.33389834805039104,0.33389317837001303,0.3338983480503891,0.33389834805038526,0.3338615884203613,0.33389834805038676,0.3338983480503872,0.33389834805038915,0.33397277926172275,0.3338983480503908,,0.3338983480503895,0.3338983480503874,0.3769009380737658,0.3338983480503933,0.33389834805038926,0.3338982992311588,0.33389834805038904,0.3338983480503888,0.3338983480503895,0.33389834805039,0.3338983480503909,0.3338983480503894,0.33389834805038854,0.33389834805038704,0.33389832758417,0.33402644012592264,0.33389834805038804,0.3338983480503892,0.3338983480503902
etha_e,0.34478194139259427,0.3447819413926543,0.3447819413927049,0.3447819413925922,0.34478194139259166,0.3447819413925921,0.3447819413926542,0.344781941392643,0.3447819413925919,0.34478194139259233,0.36417444649555947,0.3447819413925942,0.34478194139259133,0.3447819444599255,0.3447819413925922,0.3447819413925429,0.3447819413925935,0.34477660109950403,0.3447819413925741,0.34478194139260043,0.3447455438012388,0.34478194139239976,0.3447819413925928,0.34478194139262586,0.34486000052708227,0.3447819413925912,0.3447819413925933,0.3447819413925917,0.3447819413925928,0.38848855772871416,0.34478194139258717,0.34478194139258456,0.3447819413925919,0.3447819413925921,,0.34478194139259216,0.3447819413925927,0.3447819413925916,0.3447819413925913,0.344781941392592,0.3447819413925904,0.34478194139259327,,0.3447819413925925,0.3447819413924594,0.3447819413925911
fald_e,0.07796447258653895,0.07796447258653862,0.07796447258653899,0.07796447258654057,0.07796447258653878,0.07796447258654064,0.07796447258653913,0.07796447258654195,0.07796447258653887,0.03684127399390366,0.08318162315685465,0.0779644725865458,0.07796447258653931,0.07796447258653874,0.07796447258653899,0.07796447258653717,0.03684127399390366,0.07796318526488946,0.07796447258653864,0.07796447258653919,0.07795827059453583,0.07796447258653831,0.07796447258653895,0.07796447258654017,0.1528908620269461,0.07796447258653863,0.07796447258654673,0.07796447258653884,0.07796447258653891,0.12579410545551584,0.0779644725865389,0.0779644725865388,0.07796447258653916,0.07796447258653871,0.07796447258653913,0.07796447258653925,0.07796447258653932,0.07796447258653849,0.0779644725865392,0.07796447258653909,0.07796447258653923,0.07796447258653898,0.07799552842703107,0.07796447258653912,0.07796447258653913,0.07796447258654306
fe3dcit_e,,,1.337949171103151,,,,,,,,1.4122444670081291,,,,1.337949171103143,,,1.3379313387011877,1.3379491711031504,,1.3377983833161977,,1.3379491711031475,1.3379491711032856,1.338228220444367,1.3379491711031495,1.3379491879380776,1.3379491711031497,,0.02568509909105295,,1.3379491711031504,1.3379491711031581,1.3379491711031488,,,1.3379491711031581,1.3379491711031488,1.3379491292754742,1.3379491838108335,,1.337949171103146,1.3384520476935717,1.3379491711031486,,1.3379491711031455
frulys_e,1.0046400950468806,1.0046400950468803,0.9990068131695269,1.0046400950467862,,1.0046401257541036,1.0046400950468863,1.0046400950468848,,1.0046400950468675,1.063535681229906,1.0046400950468812,1.004640095046883,,0.9990068131695238,1.0046400950468806,1.0046400950468832,,1.004640095046887,1.0046400950468843,1.004526200740933,,1.0046400950468826,,,1.0046400950468812,1.004640095046878,1.004640095046887,,0.02568509909105295,,1.0046400950468855,,0.9990068131695248,,,1.004640095046884,1.0046400950468821,1.004640095046881,,,1.0046400950468835,,1.00464009504688,,1.0046400950468821
fruur_e,0.7916286743427942,0.7916286743427623,0.7913072971252925,0.7916286743427994,0.7916286743427633,0.7916286743424507,0.7916286743427977,0.7916286743428346,,0.791628674342821,,0.7916286743428067,0.7916286743427968,,0.7913072971252978,0.7916286743427949,0.7916286743428029,,0.791628674342804,0.7916286743428029,0.7915450532891555,,0.7916286743427875,0.791628674342796,0.7918007342022302,0.7916286743427999,0.7916286743428022,0.7916286743428016,,0.8391362691958367,,0.7916286743428007,0.7916286743427954,0.7913072971252951,,,0.7916286743427968,,0.7916286743427969,0.7916286722320367,,0.7916286743428516,0.7919234444739395,,0.7916286743428036,0.7916286743427949
fuc__L_e,0.9634143197835398,0.963414319783538,0.9621508842646866,0.9634143197835422,0.9634143197835487,0.9634143197835452,0.9634143197835215,0.9634143197835396,0.9634143197835354,0.9634143197835406,1.0178522183118648,0.9634143197835405,0.9634143197835388,0.9634143197835375,0.9621508842618166,0.9634143197835425,0.9634143197834397,0.9633999915257558,0.9634143197835396,0.9634143197835038,0.9633124409447187,0.9634143197835415,0.9634143197835474,0.9634143197854798,0.9636237171156598,0.9634143197835386,0.9634143197835358,0.9634143197835416,0.9634143197835375,0.025685099091053293,0.9634143197835378,0.9634143197853144,0.9634143197835408,0.9621508842618148,0.9634143197835444,0.9634143197835423,0.9634143197835707,0.9634143197835403,0.9634143197835339,0.963414319783545,0.963414319783537,0.9634143197835437,0.3997019828076535,0.9634143197830235,0.9634143197835322,0.9634143197830508
g1p_e,0.9824784386660022,0.9824784386660017,0.9756145115851308,0.9824784386660027,0.9824784386660044,0.9824784386660076,0.9824784386660103,0.9824784386658981,0.9824784386660099,0.9824784386660472,1.0374775435499939,0.9824784386660042,0.9824784386660022,0.9824784365264355,0.9756145115851247,0.9824784386660087,0.9824784386660069,,0.9824784386659988,0.9824784386660061,0.9823718172995497,0.9824784386660047,0.9824784386660007,0.9824784386660016,0.9826920127829204,0.982478438666049,0.9824784386660108,0.9824784386644153,0.9824784386660114,1.0319222801126782,0.9824784386659361,0.9824784386660096,0.9824784386660049,0.9756145115851295,0.9824784386660067,0.982478438666008,0.9824784386660077,0.9824784386660035,0.9824784386659983,0.9824784386660042,0.9824784386660091,0.9824784386660053,0.9828409640718754,0.982478438665983,0.9824784386660079,0.9824784386660039
gal_e,0.9721081785998649,0.9721081785998716,,0.9721081785998675,0.9721081785998698,0.9721081785998701,0.9721081785998604,0.9721081785998662,0.9721081785998739,0.9721081785998648,1.0265267567276255,0.9721081785998659,0.9721081785998638,0.9721081785998626,,0.9721081786009214,0.9721081785998688,0.972093341589002,0.9721081785998672,0.9721081785998646,0.972002678119347,0.9721081785998584,0.972108178599867,0.9721081785998643,0.9723194983993128,0.9721081786013943,0.9721081785998664,0.9721081785998675,0.9721081785998712,1.0214501644224843,0.9721081785998649,0.9721081785998643,0.972108178599867,,0.9721081785998629,0.9721081785998726,0.9721081785998686,0.9721081785998964,0.9721081785998702,0.9721081759172411,0.9721081785998668,0.9721081785998616,0.9724668774763301,0.9721081785998648,0.9721081785998685,0.9721081785997676
gal_bD_e,0.9721081785850252,0.9721081785998658,,0.9721081785998578,0.9721081785998738,0.9721081785998705,0.9721081785998339,0.97210817859987,0.9721081785998649,0.9721081785999393,1.0265267567276202,0.9721081785998734,0.9721081785998636,0.9721081785998689,,0.9721081785998644,0.9721081785998662,0.9720933415888858,0.9721081785998645,0.9721081785998715,0.9720026781190068,0.9721081785998716,0.9721081785998679,0.9721081785998666,0.9723194983992995,0.9721081785998664,0.972108178599865,0.9721081785998665,0.9721081785998712,1.0214501644224794,0.9721081785998671,0.9721081785998644,0.9721081785993055,,0.9721081785998269,0.972108178599866,0.972108178599868,0.9721081785998548,0.9721081785998679,0.9721081785998666,0.9721081785999385,0.972108178599864,0.9724668774762676,0.9721081785998641,0.9721081785998683,0.9721081785998635
gal1p_e,0.9721081785998741,0.9721081785992123,,0.9721081785998651,0.972108178599867,0.9721081785998689,0.9721081785998683,0.9721081785998642,0.9721081785998672,0.9721081785998664,1.0265267567276313,0.9721081785998676,0.9721081785998693,0.9721081778479855,,0.9721081785998543,0.9721081785998664,,0.9721081786001975,0.9721081786004028,0.972002678119346,0.9721081785998638,0.9721081785998621,0.9721081785998646,0.9723194983993133,0.9721081785998621,0.9721081785998646,0.9721081785998716,0.9721081785998655,1.0214501644224798,0.9721081785998645,0.9721081785998629,0.9721081785998676,,0.9721081785998593,0.9721081785998507,0.9721081785998675,0.9721081785998612,0.9721081785998696,0.9721081796913612,0.972108178599866,0.972108178599865,0.9724668774762676,0.9721081785998692,0.9721081785998684,0.9721081785998723
galct__D_e,0.6883617697380862,0.6883617697380846,0.6883617697380879,0.688361769738086,0.6883617697380792,0.6883617697380924,0.6883617697380908,0.6883617697380877,0.6883617697380885,0.6883617697380866,0.7260828836463019,0.6883617697380864,0.6883617697380875,0.6883617697894807,0.6883617697380918,0.6883617697380922,0.6883617697380863,0.6883509975781839,0.6883617697381044,0.6883617697380949,0.6882851682008982,0.6883617697380785,,0.6883617697357736,0.6885101916928511,0.688361769738088,0.6883617697380869,0.6883617697380887,0.6883617697380877,0.7350329356140304,0.6883617697380862,0.6883617697380864,0.6883617697352312,0.6883617697380852,0.6883617697380887,0.6883617697380885,0.6883617697380977,0.6883617697380858,0.6883617697380826,0.6883617695162183,0.6883617697380902,0.68836176973808,0.6886174626564011,0.6883617697380882,0.6883617697380825,0.6883617697380902
galctn__D_e,0.8623639401125186,0.8623639401125156,0.8616546565344503,0.8623639401120103,0.8623639401124845,,,,0.8623639401125168,,0.9110919688560392,0.8623639401125147,0.8623639401118633,0.8623639314464523,0.8616546565347659,0.8623639401125103,,0.8623511147137436,0.8623639401123898,0.8623639401125096,0.8622727432418704,0.8623639401121459,0.8623639401125152,0.8623639401102005,0.8625513742254123,0.862363940112517,0.8623639401125207,0.8623639401125144,0.862363940112523,0.025685099091053154,0.8623639401125167,0.8623639401125147,0.8623639401125157,0.8616546565344453,,0.8623639401125156,0.8623639401125204,0.8623639401125119,0.8623639401125185,0.8623639405410091,0.862363940112517,0.862363940112513,0.8626850491627002,0.8623639401125144,0.8623639401125165,0.8623639401125208
galctn__L_e,0.86236394011252,0.8623639401125119,0.861654656534436,0.8623639401125169,0.8623639401125096,0.8623639401128734,0.8623639401125104,0.8623639401125175,0.8623639401125187,0.8623639401125178,,0.862363940112509,0.8623639401124409,0.862363940541399,0.8616546565344464,0.8623639401124694,0.8623639401125139,0.8623511147137438,0.8623639401125244,0.8623639401126134,0.8622727432418662,0.862363940112514,0.862363940112513,0.8623639401125116,0.8625513742254102,0.8623639401125187,0.8623639401125148,0.8623639401125124,0.8623639401122878,0.9105781797330584,0.8623639401125514,0.8623639401125253,0.8623639401084183,0.8616546565344527,0.8623639401125192,0.8623639401124857,0.8623639401125137,0.8623639401125127,0.8623639401125177,0.8623639401125254,0.8623639401125164,0.8623639401125287,,0.8623639401125148,0.8623639401125155,0.8623639401125156
galt_e,1.044254623520358,1.0442546235203405,1.0425478664437096,1.0442546235203667,1.0442546235203625,1.044254623520351,1.0442546235203538,1.0442546235203714,1.044254623520364,1.0442546235203567,1.1029999306071014,1.0442546235203642,1.0442546235203565,1.0442546235203611,1.0425478664437062,1.044254623520362,1.0442546235203582,,1.0442546235203638,1.0442546235203598,1.0441441913125638,1.0442546235203598,1.044254623520596,1.044254623520358,1.0444815914300365,1.0442546235203278,1.0442546235203578,,1.0442546235203585,1.0941526244382918,1.0442546235200283,1.0442546235203571,1.0442546235203605,1.0425478664437176,1.044254623520358,1.044254623520355,1.0442546235203651,1.0442546235203578,,1.0442546272315665,1.0442546235203627,1.0442546235203605,1.0446434612195148,1.044254623520362,1.044254623520362,1.0442546235203556
galur_e,0.791628674342806,0.7916286743427928,0.7913072971252935,0.7916286743427953,0.7916286743428028,0.791628674342801,0.7916286743428034,0.7916286743427986,0.791628674342794,0.7916286743428008,0.8363597942371526,0.7916286743427984,0.7916286743427231,0.7916286743427933,0.7913072971252932,0.791628674342797,0.7916286743427554,,0.7916286743428035,0.7916286743428077,0.7915449577922118,0.7916286743427998,0.7916286743427964,0.7916286743427989,0.7918007342022367,0.7916286743427995,0.7916286743427977,0.7916286743427998,0.7916286743428181,0.8391362691958363,0.7916286743427968,0.7916286743428034,0.7916286743427952,0.7913072971253012,0.7916286743427998,0.7916286743427973,0.7916286743429505,0.7916286743427989,0.7916286743427989,0.7916286743428003,0.7916286743427996,0.7916286743427999,0.7919234444739367,0.7916286743428018,0.7916286743428093,0.7916286743427986
glcur_e,0.7916286743427978,0.7916286743428003,0.7913072971246388,0.7916286743427982,0.7916286743427963,0.7916286743428016,0.7916286743428042,0.791628674342802,0.7916286743427946,0.791628674342801,,0.7916286743427975,0.7916286743427967,0.7916286722320366,0.7913072971252955,0.7916286743438881,0.7916286743427986,0.7916169009453293,0.7916286743427897,0.7916286743428,0.7915449578810347,0.7916286743428103,0.791628674342795,0.7916286743427977,0.7918007342030983,0.7916286743427965,0.7916286743427969,0.7916286743427986,0.7916286743428023,0.8391362691958361,0.7916286743427974,0.7916286743427982,0.7916286743427949,0.7913072971252915,0.7916286743427978,0.7916286743427996,0.7916286743427982,0.7916286743428023,0.7916286743427933,0.7916286755189531,0.7916286743428045,0.7916286743428006,0.7919234444739379,0.7916286743428,0.7916286743427998,0.7916286743427955
glcur1p_e,0.791628674342804,0.7916286743427977,0.7913072971252909,0.7916286743428017,0.7916286743427858,0.791628674342802,0.7916286743428012,0.7916286743427999,0.7916286743428002,0.7916286743427985,,0.7916286743428054,0.7916286743427992,0.7916286722320364,0.7913072971252229,0.7916286743427955,0.7916286743427979,0.7916169009453322,0.7916286743427945,0.7916286743427973,0.7915449578810407,0.7916286743427962,0.7916286743427988,0.7916286743427988,0.7918007342022313,0.7916286743427948,0.7916286743428023,0.7916286743427974,0.7916286743426458,0.8391362691958345,0.7916286743427995,0.7916286743427963,0.7916286743428076,0.7913072971252921,0.7916286743427995,0.7916286743427958,0.7916286743427989,0.7916286743427983,0.7916286743428077,0.7916286739361377,0.7916286743427955,0.7916286743427928,0.7919234444739381,0.7916286743428055,0.7916286743427982,0.7916286743427977
glyclt_e,0.18500365856901338,0.18500365856901418,0.18500365856903905,0.18500365856877354,0.18500365856901474,0.18500365856901493,0.18500365856901463,0.18500365856901557,0.18500365856901493,0.185003658569015,0.19542024597341504,0.18500365856901646,0.18500365856901652,0.18500365716875591,0.18500365856901546,0.1850036585690153,0.18500365856901524,,0.18500365856901618,0.18500365856901507,0.18498346435071253,0.18500365856900433,0.185003658569015,0.18500365856903964,0.18504278250847336,0.18500365856893342,0.18500365856904333,0.18500365856901635,0.18500365856901557,0.22690559091745444,0.18500365856876053,0.18500365856901624,0.18500365856901752,0.18500365856901546,0.18500365856901632,0.18500365856901524,0.18500365856901477,0.1850036585692157,0.1850036585690113,0.18500365856901532,0.18500365856901563,0.18500365856901413,0.14741575127964984,0.1850036585690148,0.18500365856901596,0.18500365856901585
idon__L_e,0.8891460980707542,,0.8814886542204333,0.889146098070755,0.8891460980707568,,,,0.8891460980707533,,0.938920462148802,0.8891460980707585,,0.8891460947803309,0.8814886542204263,,,,0.8891460980707538,0.8891460980707542,0.8890496110325329,0.8891460980707524,,,0.8893393833227519,,0.8891460980707522,,0.8891460980707572,0.9376732389008475,0.8891460980707592,0.8891460980707576,,0.8814886542204722,,0.8891460980707553,0.8891460980707561,,,0.8891460993254436,0.8891460980716904,0.8891460980707526,0.8894741847110683,,0.8891460980707532,0.889146098070825
lyx__L_e,0.806184017541646,0.8061840175416398,0.8008093479075621,0.8061840175416465,0.8061840175234526,0.806184017541651,0.8061840175416409,0.8061840175416449,0.8061840175416455,,0.8513141675699367,0.8061840175416443,0.8061840175416081,0.8061840175416395,0.8008093479078287,0.8061840175416232,,0.8061717129840911,0.8061840175411974,0.8061840175416424,0.8060965243972511,0.8061840175422686,,0.8061840175416409,0.8063592682479486,0.8061840175416445,0.806184017541642,0.806184017541647,0.8061840175416441,0.8538963133792186,0.8061840175416459,0.8061840175416491,0.8061840175416417,0.8008093479078272,0.8061840175416437,0.8061840175416515,0.8061840175416438,0.8061840175416437,0.8061840175416467,0.8061840165853553,0.8061840175416427,0.8061840175416448,0.8064814919458624,0.8061840175416446,0.8061840175416388,0.8061840175416328
malt_e,1.978023405015351,1.9780234050153305,1.9639360139144804,1.9780234050153438,1.9780234050153407,1.9780234050153518,1.9780234050153345,1.9780234050153431,1.9780234050153453,1.978023405015349,2.088753078496145,1.9780234050153427,,1.9780234060817747,1.9639360139141682,,1.9780234050153458,1.9779932150062545,1.9780234050151047,1.9780234050153587,1.9778087350595714,1.9780234050153462,1.9780234050153542,1.9780234050153247,1.9784533936919522,1.9780234050153376,1.9780234050153538,1.9780234050153434,1.9780234050153438,2.0372453863722475,1.9780234050153465,1.9780234050153553,1.9780234050153311,1.9639360139145157,1.9780234050153345,1.9780234050153451,1.978023405015351,1.978023405013306,1.978023405015361,1.9780234050152674,1.9780234050153482,1.9780234050153316,1.9787532772534435,1.9780234050150725,1.9780234050153302,1.9780234050143906
malthx_e,6.043165350942534,6.043165350941727,5.997901329544499,6.043165350941804,6.0431653509370795,6.043165350939766,6.043165350949718,6.043165350941817,6.043165350941809,6.0431653509422585,2.2196030905753434,6.043165350941789,,6.043165351906448,5.997901329544529,,6.043165350941816,6.043073115826355,6.043165350941803,6.043165350941902,6.042509501250998,6.043165350941831,6.0431653509526155,6.043165350944341,6.044479032400379,6.043165350941797,6.043165350927011,6.043165350941753,6.043165350939657,6.14231473693214,6.043165350942143,6.043165350939724,6.043165350945148,5.997901329544594,6.043165350941785,6.043165350941822,6.04316535094183,6.043165350941821,6.043165350941921,6.043165351073265,6.04316535094248,6.043165350941833,6.045395222746425,6.043165350941818,6.043165350941791,6.043165350941766
maltpt_e,5.006139344327842,5.006139344327775,4.969240174058847,5.006139344326036,5.006139344327929,5.00613934432699,5.006139344327921,5.006139344327783,5.006139344328569,5.006139344338756,2.2196030905753434,5.006139344328963,,5.0061393453006175,4.969240174058865,,5.006139344330094,5.00606293704601,5.006139344327928,5.006139344327933,5.005596040487863,5.006139344328311,5.006139344321141,5.006139344326343,5.007227593954346,5.006139344327932,5.006139344328088,5.0061393443279565,5.006139344327935,5.095103167911759,5.006139344328133,5.006139344327068,5.006139344327937,4.969240174058894,5.006139344327946,5.00613934432796,5.006139344328958,5.006139344327285,5.006139344329129,5.00613934432789,5.006139344328466,5.006139344326094,5.007986563214082,5.006139344342754,5.006139344297055,5.006139344328872
malttr_e,2.9735683713646925,2.973568371364728,2.9522575162418976,2.9735683713646925,2.973568371364342,2.9735683713646828,2.9735683713651313,2.9735683713646965,2.9735683713626235,2.9735683713647667,2.219603090575335,2.973568371364696,,2.973568371364662,2.952257516244307,,2.973568371364681,2.9735229866363904,2.973568371364687,2.9735683713644567,2.9732456573921047,2.9735683713601726,2.9735683713624907,2.9735683713624574,2.9742147746070646,2.973568371364324,2.9735683713640326,2.973568371364667,2.973568371364787,3.0425684926318124,2.9735683713636565,2.973568371364074,2.973568371345772,2.952257516244415,2.9735683713611314,2.9735683713646655,2.9735683713663144,2.9735683707334295,2.9735683713646717,2.9735683713636827,2.9735683713646903,2.9735683713646925,2.9746655904368033,2.9735683713649026,2.9735683713646948,2.973568371364692
maltttr_e,3.969113337713299,3.9691133380049175,3.9405790185701033,3.969113337688229,3.9691133377083947,3.9691133377140138,3.9691133377058487,3.969113337714029,3.9691133377140333,3.969113337717863,2.2196030905753283,3.969113337715011,,3.9691133377140186,3.940579018572598,,3.969113337714002,3.9690527582659407,3.9691133377094934,3.969113337714805,3.9686825797247334,3.9691133377108176,3.969113337710639,3.96911333771253,3.969976155513232,3.969113337714424,3.9691133377126095,3.96911333771957,3.969113337694185,4.0478915988913755,3.9691133377140106,3.969113337714017,3.969113337661551,3.940579018572262,3.9691133377098002,3.9691133377125074,3.9691133377156422,3.969113337712621,3.9691133377147554,3.969113337713121,3.969113337713986,3.969113337714038,3.970577903619257,3.969113337714013,3.9691133377089427,3.969113337733628
manglyc_e,1.37654832117919,1.3765483211792835,1.3689261298590587,1.3765483211794542,,,,,,,1.4536074427995065,1.3765483211792968,,,1.3689261298590305,1.376548321179286,,,1.3765483211792808,1.376548321179281,1.3763989278169624,,,,,1.376548321179284,1.376548321179291,1.3765483211791198,,0.0256850990912445,,1.3765483211792882,1.3765483211792777,1.3689261298590607,,,1.376548321179285,1.3765483211792857,1.3765483211792904,,,1.3765483211792948,,1.3765483211792797,1.376548321179286,1.3765483211792926
melib_e,1.9676531449492152,1.967653144949213,,1.967653144949206,1.9676531449495422,1.9676531449492258,1.9676531449491999,1.9676531449483985,,1.9676531449492136,2.0778022916737813,1.967653144949194,1.9676531449492127,,,1.967653144949207,1.9676531449492074,,1.967653144949209,1.9676531449491965,1.9674396025948218,,,,1.9680808793075013,1.9676531449492014,1.9676531449492063,1.9676531449492565,,0.0256850990912445,,1.9676531449492112,,,,,1.9676531449498313,1.9676531449492054,1.9676531449492112,,,1.967653144949198,1.968379190658706,1.967653144949197,,1.9676531449492058
orot_e,,,,,,,,,,,,,,,,,,0.18660378748287504,,,,,,,,,,,,0.026121708583309713,,,,,,,,,,,,,,,,
pacald_e,1.241611415530136,1.2416114155301345,,1.2416114155301383,,,,,,,1.3118024130340755,1.241611415530135,1.2416114155301385,,,1.2416114155301485,,,1.2416114155301345,1.241611415530191,1.2414783122949642,,,,,1.2416114155301365,,1.2416114155301325,,0.0256850990912445,,1.2416114155301337,,,,,1.2416114155301488,1.2416114155300504,1.2416114155301432,,,1.2416114155301357,,1.2416114155301567,,1.2416114155301268
peamn_e,1.2416114155285207,1.2416114155301416,,1.2416114155299918,,,,,,,1.3118024130340618,1.2416114155301372,1.2416114155301359,,,1.2416114155301416,,,1.2416114155301436,1.2416114155301443,1.2414783106686722,,,,,1.2416114155301428,,1.2416114155301485,,0.0256850990912445,,1.2416114155301412,,,,,1.241611415530136,1.2416114155301439,1.241611415530138,,,1.2416114155301343,,1.2416114155301379,,1.2416114155301299
ppa_e,0.42851146152875946,0.42851146152876074,0.4285114615287556,0.42851146152877445,0.4285114615287576,0.4285114615287609,0.4285114615287592,0.428511461528812,0.42851146152876096,0.4285114615287595,,0.42851146152876085,0.4285114615287595,0.4285114626732715,0.4285114615287581,0.4285114615287607,0.4285114615287592,0.4285047212689847,,0.4285114615287519,0.4284675302181754,0.42851146152875824,0.4285114615287627,0.42851146152875824,0.4286080708658678,0.4285114615287588,0.42851146152876013,0.4285114615287587,0.42851146152876046,0.4716834025239875,0.4285114615287575,0.42851146152875785,0.42851146152875597,0.42851146152876013,0.428511461528758,0.42851146152875985,0.4285114615288514,0.428511461528757,0.4285114615287542,0.4285114615287593,0.42851146152877134,0.4285114615286126,0.42867713259867296,0.42851146152851016,0.4285114615287591,0.42851146152876035
ppal_e,0.5075731295102857,0.5075731295102828,0.507573129510282,0.5075731295102842,0.5075731295102904,0.507573129510282,0.5075731295102829,0.5075731295102784,0.5075731295102907,0.5075731295102809,,0.5075731295102871,0.5075731295102904,0.5075731178294405,0.507573129510281,0.5075731295102853,0.5075731295102848,0.5362676827220925,,0.507573129510285,0.5075178160041105,0.536276118063197,0.5075731295101351,0.5362761180632046,0.5363970233013101,0.5362761180631986,0.507573129510287,0.5075731295102894,0.5075731295102878,0.5805943476912472,0.5362761180631881,0.5075731295102803,0.5075731295102871,0.5075731295102843,0.5362761180631984,0.5075731295102738,0.5075731295102803,0.5075731295102824,0.5075731295102808,0.5075731269243988,0.5362761180631987,0.5075731295102782,0.5077704872746835,0.5075731295102883,0.5075731295102837,0.5075731295104515
pppn_e,1.2585938780296484,1.258593878029646,1.2585938780295798,1.2585938780296473,1.2585938780296524,1.2585938780296593,1.2585938780296393,1.2585938780296537,,,,1.2585938780296462,1.258593878029651,,1.2585938780296388,1.2585938780296566,1.25859387802965,,,1.2585938780296468,1.2584620372973865,,1.2585938780296606,,1.258866568012116,1.258593878029657,1.2585938780296422,1.258593878029971,,0.02568509909105341,,1.258593878029648,,1.2585938780296604,,,1.2585938780300325,1.2585938780296522,1.2585938780296568,,,1.2585938780296488,1.2590753470610807,1.2585938780296775,,1.2585938780296482
psclys_e,1.0046400950468781,1.0046400950468817,0.9990068131695272,1.004640095046881,,1.0046400950468752,1.0046400950471168,1.004640095046882,,1.0046400950468861,1.0635356812299013,1.0046400950468812,1.0046400950468848,,0.999006813169522,1.0046400950468815,1.004640095048616,,1.0046400949423615,1.0046400950468815,1.0045262007409368,,1.004640095046891,,,1.0046400950468788,1.0046400950468841,1.0046400950468795,,0.02568509909105341,,1.004640095048727,,0.9990068131695292,,,1.0046400950468826,1.0046400950468837,1.0046400950468823,,,1.0046400950472971,,1.0046400950468741,,1.0046400950468755
r5p_e,0.7750732373443218,0.7750732373432225,0.7705546080406003,,0.7750732373432268,0.7750732373432233,0.7750732373424957,0.775073237343227,0.7750732373432272,0.7750732373432285,0.8184618071028714,0.7750732373434287,0.7750732373432264,0.7750732402200811,0.7705546080406036,0.7750732373432284,0.7750732373432272,0.7750614076206747,0.7750732373432255,0.7750732373432291,0.7749891206833681,0.7750732373432268,0.7750732373432235,0.7750732373432258,0.775241725094565,0.7750732373432263,0.7750732373432193,0.7750732373432252,0.7750732373432269,0.8224799663086059,0.7750732373431335,0.7750732373432258,0.7750732373431819,0.7705546080406014,0.7750732373432291,0.7750732373432274,0.7750732373413761,0.7750732373417416,0.7750732373432294,0.7750732311251342,0.7750732373432245,0.775073237343225,0.7753592321589119,0.7750732373432244,0.7750732373432272,0.7750732373432282
rib__D_e,0.7750732373432206,0.775073237343224,0.7705546080405993,,0.7750732373432255,0.7750732373432293,0.775073237343227,0.7750732373432273,0.77507323734322,0.7750732373422374,0.8184618071029243,0.7750732373432277,0.7750732373432302,0.7750732373432231,0.7705546080406013,0.7750732373432266,0.7750732373432264,0.7750614076206714,0.7750732373432683,0.7750732373432223,0.7749891205743553,0.7750732373432236,0.7750732373432259,0.7750732373432283,0.7752417250945643,0.7750732373432251,0.7750732373432246,0.7750732373432221,0.775073237343226,0.8224799663086079,0.7750732373432251,0.7750732373432289,0.7750732373432234,0.7705546080406039,0.7750732373427645,0.7750732373432258,0.7750732373432232,0.7750732373432232,0.7750732373432261,0.7750732356726076,0.7750732373438156,0.7750732373432301,0.77535923215891,0.7750732373432246,0.7750732373432249,0.7750732373432271
rmn_e,0.9634143197835372,0.9634143197835345,0.9621508842618198,0.963414319783558,0.9634143197835413,0.9634143197832402,0.9634143197835345,0.9634143197835372,0.9634143197835424,,1.0178522183123149,0.9634143197835349,0.9634143197835439,0.9634143225412116,0.962150884261821,0.9634143197835281,,0.9633999915257604,0.9634143197835395,0.9634143197835369,0.9633124366144907,0.9634143197835444,0.9634143197835472,0.963414319783538,0.9636237171156655,0.9634143197835413,0.9634143197835416,0.9634143197835401,0.9634143197835375,1.0126380519291072,0.9634143197835375,0.9634143197835411,0.9634143197835409,0.9621508842618185,0.9634143197835366,0.9634143197835405,0.9634143197835229,0.963414319783539,0.9634143197835373,0.9634143217470245,0.9634143197835411,0.9634143197835403,0.39970197848480427,0.9634143197835395,0.96341431978354,0.9634143197835516
sbt__D_e,1.0549343961264424,1.0549343961264377,1.046208904608658,1.0549343961264404,1.0549343961261466,1.0549343961264337,1.05493439612553,1.0549343961265116,1.054934396126448,,1.1136114805529278,1.054934396126501,1.0549343961264654,1.054934396126442,1.046208904608658,1.0549343961264592,1.0549343961264437,1.05491767002572,1.0549343961264421,1.0549343961263935,1.0548218597250523,1.0549343961264597,1.0549343961264475,1.054934396126447,1.0551677780905355,1.0549343961264444,1.0549343961264408,1.054934396126838,1.0549343961264392,1.104872301179913,1.0549343961264412,1.054934396135516,1.0549343961264437,1.0462089046086538,,1.0549343961264475,1.0549343961264348,1.0549343961264481,1.0549343961262658,1.0549343961264421,1.0549343961265405,1.054934396126434,1.0553278822195562,1.054934396126441,1.054934396126438,1.0549343961264404
sucr_e,,1.9780234050153531,,1.9780234050153438,1.9780234050153682,1.9780234050153531,1.97802340501535,1.9780234050153136,,1.9780234050147056,,1.9780234050159509,1.978023405015345,1.9780233981022637,,1.9780234050153398,1.9780234050153598,,,1.9780234050153476,1.9778087350595777,,,,1.9784533936919628,1.9780234050153507,,,,0.025685099091052377,,,1.9780234050153394,,1.9780234050153411,,,,,,,,1.9787532755801085,1.9780234050153462,1.978023405015338,1.978023405015352
tartr__D_e,0.3633207296090785,0.36332072960906947,0.3633207296090805,0.3633207296090803,0.36332072960908085,0.3633207296090789,0.36332072960908085,0.36332072960907913,0.36332072960908235,0.3633207296090801,0.3834940306968972,0.36332072960908124,0.3633207296090792,0.36332072921836317,0.36332072960908085,0.3633207296090809,0.3633207296090808,0.36331588758065025,0.36332072960908246,0.36332072960908046,0.3632797874693594,0.36332072960908124,0.36332072960908063,0.36332072960908207,0.3633964998180124,,0.3633207296090791,0.3633207296090793,0.3633207296090829,0.4072766001978729,0.36332072960908185,0.3633207296090804,0.3633207296090807,0.36332072960908096,0.36332072960908274,0.3633207296090813,0.36332072960908135,0.3633207296090823,0.36332072960907813,0.36332072795630654,0.3633207296090811,0.36332072960908124,0.3634572755821743,0.3633207296090799,0.3633207296090807,0.36332072960908035
trp__L_e,0.3736635518735347,0.37366355187353634,0.3736635518735374,0.3736635518735383,0.3736635518735367,0.37366355187353756,0.37366355187350603,0.3736635518735362,0.37366355187353417,0.37366355187353684,0.39451947738033993,0.37366355187353545,0.3736635518735321,0.37366354263213003,0.37366355187353806,0.37366355187353667,0.37366355187353745,0.3736576118244318,0.37366355187353584,0.3736635518735968,0.37362483453762263,0.37366355187352723,0.37366355187353667,0.37366355187353667,0.37374869186781956,0.3736635518735345,0.3736635518735387,0.373663551873536,0.37366355187353734,,0.37366355187361444,0.3736635518735383,0.3736635518735362,0.373663551873538,0.37366355187353484,0.37366355187353706,0.37366355187353706,0.37366355187353756,0.3736635518735349,0.3736635562745505,0.3736635518735356,0.3736635518735343,0.37380955745902605,0.3736635518735361,0.37366355187353556,0.37366355187353434
uacgam_e,2.1716774252925157,2.1716774252925117,2.160230777397129,2.1716774252925224,2.171677425287774,2.1716774252925135,2.171677425292506,2.1716774252925233,2.171677425292506,2.171677425292517,2.2196030905753426,2.171677425292511,2.17167742529327,2.1716774244850945,2.1602307773971487,2.1716774252925113,2.171677425292505,2.4048182609576334,2.171677425292506,2.1716774252925086,2.1714375302631397,2.1716774252925273,2.171677425292512,1.9644172431837659,2.1721579431415514,2.1716774252912563,2.171677425292511,2.171677425292503,2.171677425292503,2.233903886145631,2.171677425292525,2.1716774252889794,2.171677425292497,2.1602307773974374,2.1716774252925095,2.1716774252925255,2.1716774252924975,2.171677425292514,2.1716774252925224,2.171677419937623,2.1716774252854214,2.17167742529251,,2.171677425292518,2.171677425292502,2.1716774252925135
udpacgal_e,1.885928005952938,1.885928005952915,1.8720302789286027,1.8859280059529044,1.8859280059529586,1.8859280059529107,1.8859280059529193,1.8859280059529056,1.885928005952902,0.8730093052061322,0.9227818284945714,1.8859280059529162,1.885928005952913,1.8859280059533747,1.8720302789283398,1.885928005952924,0.8730093052061302,2.1213547621076905,0.8730093052062545,1.8859280059529187,0.8729129036208926,1.8859280059528811,1.8859280059529087,1.6766411865598514,1.8863451307982622,1.8859280059529215,1.8859280059529115,1.8859280059529206,1.8859280059529089,1.9452733335275234,1.885928005952911,0.8730093052061276,1.8859280059529115,1.8720302789283298,1.8859280059529084,1.8859280059529104,0.8730093052061279,1.8859280059529022,1.885928005952201,1.8859280059529018,1.8859280059529058,0.8730093052061297,,1.885928005952911,1.8859280059529124,1.8859280059529229
udpg_e,1.8859280059529167,1.8859280059529135,1.8720302789277747,1.8859280059596466,1.8859280059529175,1.8859280059529164,1.885928005952918,1.8859280059529229,1.8859280059529193,1.885928005952909,1.9934496498082948,1.8859280059529064,1.8859280059529102,1.8859280135075094,1.8720302789283416,1.8859280059529173,1.8859280059529215,1.1168659727109083,1.8859280059529138,1.8859280059529204,1.8857197593927448,1.8859280059529107,1.8859280059540513,1.6766411865604236,1.8863451307982875,1.8859280059514765,1.885928005952923,1.8859280059529144,1.8859280059529129,1.9452733335275247,1.8859280059529107,1.8859280059529149,1.8859280059529098,1.8720302789283383,1.8859280059529246,1.885928005952872,1.885928005952673,1.8859280059529153,1.8859280059529233,1.885928005952911,1.8859280059533843,1.8859280059529477,,1.8859280059529144,1.8859280059529204,1.8859280059529309
udpgal_e,1.8753767694868033,1.8753767694868009,0.8662612975224477,1.8753767694867975,1.8753767694868202,1.8753767694867962,1.875376769486797,1.8753767694867933,1.8753767694874035,1.8753767694859185,1.9822968600027198,1.8753767694868013,1.8753767694867967,1.8753767694867962,0.8662612975224451,1.8753767694883199,1.875376769486932,1.1168659727109,1.8753767694867902,1.8753767694868053,1.8751696880075364,1.875376769486795,1.8753767694868202,1.6660120424843567,1.875791560636052,1.8753767694876506,1.8753767694867984,1.875376769486801,1.8753767694867074,1.9346166372772353,1.8753767694867993,1.8753767694868064,1.8753767694868007,0.8662612975224462,1.8753767694856291,1.875376769486804,1.8753767694868066,1.8753767694867989,1.8753767694868144,1.875376769486851,1.875376769486811,1.875376769486809,,1.8753767694867942,1.8753767694868537,1.8753767694867844
udpglcur_e,1.6960057495628953,1.6960057495628962,1.687297200710933,1.6960057495628846,1.6960057495628909,1.6960057495628889,1.696005749562893,1.696005749562776,1.6960057495628884,1.6960057495628869,0.9227818284945787,1.6960057495628937,1.6960057495628835,1.6960057495629421,1.6872972007109113,1.6960057495617291,1.6960057495628906,1.9330131140960607,1.6960057495650327,1.6960057495628997,1.6958184744589366,1.6960057495628942,1.6960057495628869,1.4853165931910368,1.6963808678780192,1.6960057495628416,1.6960057495658918,1.6960057495628935,1.696005749563619,1.753452801022348,1.6960057495628882,1.696005749562893,1.696005749562883,1.687297200710934,1.6960057495628897,1.696005749562891,1.6960057495628933,1.6960057495628802,1.6960057495629004,1.696005749562882,1.6960057495628913,1.6960057495629106,,1.6960057495628948,1.6960057495629153,1.6960057495628837
ura_e,,,,,,,,,,,,,,,,,,0.22836120992783573,,,,,,,,,,,,0.026121708583111056,,,,,,,,,,,,,,,,
xan_e,0.32906366092311656,0.3290636609231152,0.32906366092311606,0.3290636609231155,0.3290636609231158,0.3290636609231159,0.3290636609231153,0.32906366092311545,0.32906366092311545,0.09793009388279507,0.34894829819676926,0.32906366092311523,0.3290636609231154,0.32906366384696645,0.3290636609231163,0.32906366092311523,0.32864026049100425,0.3290590734582727,0.3290636609231148,0.3290636609231154,0.32903104056458693,0.32906366092311484,0.32906366092311534,0.3290636609231151,0.32913823217979793,0.3290636609231152,0.32906366092311606,0.32906366092311584,0.3290636609231154,0.37453244907042726,0.3290636609231064,0.3290636609231162,0.32906366092311606,0.32906366092313266,0.18275826637628612,0.329063660923116,0.32906366092311523,0.3290636609231158,0.3290636609231161,0.3290636641395393,0.32906366092311384,0.3290636609231148,0.18282644759892713,0.32906366092311606,0.3290636609231151,0.3290636609231147
xyl__D_e,0.8061840175418082,0.8061840175416465,0.8008093479078325,0.8061840175416397,0.8061840175416426,0.806184017541472,0.8061840048866914,0.806184017541646,0.7750732373432282,0.806184017542005,0.8513141675699394,0.8061840175416451,0.806184017541641,0.7750732356726076,0.8008093479078261,0.8061840175416438,0.806184017541642,,0.8061840175416434,0.8061840175416457,0.8060965242241925,0.7750732373432254,0.7750732373432277,0.7750732373432277,0.775241725094565,0.8061840175416457,0.8061840175416435,,0.7750732373427387,0.8224799663086098,0.7750732373432238,0.8061840175416467,0.8061840175416418,0.8008093479078237,0.7750732373432209,0.7750732373432249,0.8061840175416431,0.8061840175416451,0.8061840175416433,0.775073236169345,0.7750732373432275,0.8061840175416455,0.775359226638658,0.8061840175416416,0.8061840175416436,0.8061840175416436
xylu__L_e,0.8061840175416427,0.8061840175406013,0.8008093479077771,0.8061840175418549,0.8061840175416428,0.8061840175416398,0.8061840175416951,0.8061840175416409,0.8061840175416487,0.8061840175416475,0.8513141675699346,0.8061840175417092,0.8061840175416438,0.8061840175416701,0.8008093479078278,0.8061840175416436,0.8061840175416424,0.806171712984092,0.8061840175416403,0.8061840175416387,0.8060965243972533,0.8061840175416358,,0.8061840175416399,0.8063592682479394,0.8061840175416469,0.8061840175416433,0.8061840175416436,0.8061840175416463,0.8538963133792217,0.8061840175416465,0.8061840175416513,0.8061840175426247,0.8008093479075743,0.8061840175416463,0.8061840175416419,0.8061840175420691,0.8061840175416429,0.8061840175416417,0.8061840175421847,0.806184017541644,0.8061840175417032,0.8064814919458613,0.8061840175416509,0.8061840175416448,0.806184017541637
4hthr_e,0.5806401594826451,0.5806401594826474,0.580640159482647,0.5806401594826469,0.5806401594826507,0.5806401594826525,0.580640159482657,0.5806401594826552,0.5806401594826468,0.5806401594826511,0.6125830482013528,0.580640159482649,0.5806401594826491,0.5806401603685942,0.5806401594826456,0.5806401594826494,0.5806401594826517,0.5806310392902877,0.5806401594826517,0.5806401594826479,,0.5806401594826505,0.5806401594826515,0.5806401594826474,0.5807658202555751,0.580640159482648,0.5806401594826486,0.5806401594825383,0.5806401594826339,0.6262438664165233,0.5806401594826478,0.580640159482645,0.5806401594826529,0.5806401594826504,0.580640159482653,0.5806401594826471,0.580640159482649,0.5806401594826489,0.580640159482651,0.5806401564780812,0.580640159482649,0.5806401594826511,0.5808540594531514,0.5806401594826512,0.5806401594826508,0.5806401594826476
oaa_e,0.3740889788565352,0.3740889788565343,0.37408897885653547,0.3740889788565361,0.3740889788565328,0.3740889788565365,0.37408897885652165,0.3740889788565345,0.37408897885653575,0.37408897885653436,0.39486018454090893,0.374088978856534,0.3740889788565356,0.37408897925746953,0.374088978856535,0.3740889788565344,0.37408897885653475,0.37408399331806863,0.3740889788565334,0.3740889788565329,,0.37408897885653375,0.37408897885653486,0.3740889788565324,0.3741669947740883,0.3740889788565349,0.3740889788565348,0.3740889788565388,0.37408897885653375,0.4181547145197109,0.37408897885653597,0.3740889788565315,0.3740889788565333,0.37408897885653486,0.3740889788565348,0.37408897885653525,0.3740889788565342,0.37408897885653364,0.3740889788565355,0.3740889769689912,0.3740889788565367,0.37408897885656445,0.37422957183534666,0.37408897885653336,0.3740889788565351,0.37408897885653486
drib_e,,,,,,,,,,,,,,0.852267916018055,,,,0.8522552406370695,,,,,0.8522679160180576,,,,,0.8522679160180539,,0.9003818103869725,,,0.852267916018054,,,,,,,0.8522679160180547,,,,,0.8522679160180441,0.8522679160180502
2pg_e,,,,,,,,,,,,,,0.41976327957205595,,,,,,,,,,0.4197632771534316,,,,,,0.4635559395144004,0.4197632771534322,,,,,,,,,,,,,,,
3pg_e,,,,,,,,,,,,,,0.4197632779322336,,,,,,,,,,0.41976327715343553,,,,,,0.46355593951427304,0.41976327715342965,,,,,,,,,,,,,,,
3hoxpac_e,0.9555744382190211,0.9555744382190339,0.9555744382190388,0.9555744382189979,,,,,,,,0.9555744382190272,0.9555744382190241,,0.9555744382190304,0.9555744382190275,,,,0.955574438219027,,,,,0.9557737224022069,,0.9555744382190258,,,0.02568509909105917,,,,0.955574438221518,,,,0.9555744382190183,,,,,,0.9555744382190215,,
galam_e,0.9735193577506553,0.9735193577506347,0.9722005070345575,0.9735193577502768,0.9735193577506418,0.9735193577506417,0.9735193577506384,0.9735193577506407,0.9735193577506425,,,0.9735193577506359,0.9735193577504953,0.973519357003778,0.9722005070345558,0.9735193577506395,,0.9735048792069537,,0.9735193577506384,,0.9735193577506475,0.9735193577506421,0.9735193577506456,0.9737309514046875,0.9735193577506421,0.9735193577506392,0.9735193577506455,,1.0228440391487077,0.9735193577506457,,0.973519357750638,0.9722005070345592,0.9735193577506368,0.9735193577506418,,0.9735193577506521,0.9735193577506408,0.9735193577506377,0.9735193577506285,,0.9738818565307528,0.973519357750639,0.9735193577506402,0.9735193577506416
raffin_e,,2.9631981112985453,,2.9631981112985493,,2.963198111298817,2.963198111298547,2.9631981112985515,,2.963198111298562,,2.9631981112937544,2.9631981112972863,0.9824784386659984,,2.963198111298544,2.963198111298538,,,2.9631981112985586,,,,,2.9638422602149173,2.9631981112985297,,,,0.02568509909105345,,,,,0.9824784386656858,,,,,,,,,2.963198111298531,,2.963198111298546
arab__D_e,,,0.8008093479078421,,,,,,,,,,,,0.8008093479078264,,,,,,,,,,,,0.806184017541644,0.8061840175416418,,0.02568509909105345,,,,0.8008093479078257,,,,,0.8061840175416477,,,,,,,
